{
    "title": "本体設定",
    "サーバー情報": [
        {"row": "25"},
        {"モデル": ""},
        {"ProductID": ""},
        {"S/N": ""},
        {"CPU": ""},
         {"メモリ": ""},
         {"ストレージ": ""},
         {"RAID構成": ""},
         {"実効容量": ""}
         ],
    "iLo": [
        {"row": "16"},
        {"ユーザー名": ""},
        {"パスワード": ""},
        {"ホスト名": ""}
    ],
    "ネットワーク設定": [
        {"row": "5"},
        {"ipアドレス": ""},
        {"サブネットマスク": ""},
        {"デフォルトゲートウェイ": ""},
        {"DNSサーバー": ""}
    ],
    "メール発報設定": [
        {"row": "7"},
        {"受信メールアドレス": ""},
        {"送信メールアドレス": ""},
        {"SMTPメールサーバー": ""},
        {"使用ポート": ""},
        {"SMTPユーザー名": ""},
        {"SMTPパスワード": ""}
    ],
    "UPS本体情報": [
        {"row": "1"},
        {"型番": ""},
        {"S/N": ""},
        {"ファームウェアバージョン": ""},
        {"ユーザー": ""},
        {"パスワード": ""}
    ],
    "ネットワーク設定2": [
        {"row": "4"},
        {"IPアドレス": ""},
        {"サブネットマスク": ""},
        {"デフォルトゲートウェイ": ""}
    ],
    "NAS本体情報": [
        {"row": "1"},
        {"型番": ""},
        {"S/N": ""},
        {"ファームウェアバージョン": ""},
        {"ユーザー": ""},
        {"パスワード": ""}
    ],
    "ネットワーク設定3": [
        {"row": "4"},
        {"IPアドレス": ""},
        {"サブネットマスク": ""},
        {"デフォルトゲートウェイ": ""}
    ]
}