{
    "title": "電源設定",
    "HPE Power Protector設定": [
        {"row": "25"}
    ],
    "アクション": [       
         {"row": "8"}
],
    "有効なアクション": [
        {"row": "7"},
        {"アクション名": ""},
        {"イベントの重要度": ""},
        {"イベントカテゴリー": ""},
        {"電源ソース": ""},
        {"アクションタイプ": ""},
        {"コマンド": ""}
    ],
    "シャットダウンパラメーター": [
        {"row": "16"}
    ],
    "電源ソースの構成": [
        {"row": "3"},
        {"電源ソース": ""},
        {"グループ": ""}
    ],
    "構成": [
        {"row": "5"},
        {"シャットダウン開始までの時間": ""},
        {"OSシャットダウン時間": ""},
        {"シャットダウンのタイプ": ""},
        {"UPSの遮断": ""}
    ],
    "基準": [
        {"row": "2"},
        {"基準のシャットダウンシーケンス": ""}
    ],
    "UPSの構成": [
        {"row": "5"},
        {"次の容量を下回った場合にシャットダウン": ""},
        {"次の容量を上回った場合に再起動": ""},
        {"グループ#1再起動遅延(秒)": ""},
        {"グループ#2再起動遅延(秒)": ""}
    ]
}