{
    "title": "Vmwear設定",
    "ホストOS": [
        {"row": "63"},
        {"導入バージョン": ""},
        {"イメージプロファイル": ""},
        {"ログインユーザー": ""},
        {"パスワード": ""},
        {"ホスト名": ""},
        {"IPアドレス": ""},
        {"サブネットマスク": ""},
        {"デフォルトゲートウェイ": ""},
        {"DNSサーバー": ""}
    ],
    "ゲストOS 1": [
        {"row": "13"},
        {"導入OS": ""},
        {"仮想マシン名称": ""},
        {"ユーザー": ""},
        {"パスワード": ""},
        {"CPU": ""},
        {"メモリ": ""}
    ],
    "ストレージ1": [
        {"row": "2"},
        {"ハードディスク1": ""},
        {"IPアドレス": ""},
        {"サブネットマスク": ""},
        {"デフォルトゲートウェイ": ""},
        {"DNSサーバー": ""}
    ],
    "ゲストOS 2": [
        {"row": "13"},
        {"導入OS": ""},
        {"仮想マシン名称": ""},
        {"ユーザー": ""},
        {"パスワード": ""},
        {"CPU": ""},
        {"メモリ": ""}
    ],
    "ストレージ2": [
        {"row": "2"},
        {"ハードディスク1": ""},
        {"IPアドレス": ""},
        {"サブネットマスク": ""},
        {"デフォルトゲートウェイ": ""},
        {"DNSサーバー": ""}
    ]
}